timeStamp,elapsed,label,responseCode,responseMessage,threadName,dataType,success,failureMessage,bytes,sentBytes,grpThreads,allThreads,URL,Latency,IdleTime,Connect
1681813377442,8087,/actions/Catalog.action-57,200,,JpetReg_Dynamic 1-1,text,true,,59394,8356,3,3,https://petstore.octoperf.com/actions/Catalog.action,4217,0,3875
1681813377442,4217,/actions/Catalog.action-57-0,200,,JpetReg_Dynamic 1-1,text,true,,5419,475,3,3,https://petstore.octoperf.com/actions/Catalog.action,4217,0,3875
1681813381745,223,/actions/Catalog.action-57-1,200,,JpetReg_Dynamic 1-1,text,true,,5966,523,3,3,https://petstore.octoperf.com/css/jpetstore.css,222,0,0
1681813382307,216,/actions/Catalog.action-57-2,200,,JpetReg_Dynamic 1-1,bin,true,,4095,528,3,3,https://petstore.octoperf.com/images/logo-topbar.gif,216,0,0
1681813382524,218,/actions/Catalog.action-57-3,200,,JpetReg_Dynamic 1-1,bin,true,,379,521,3,3,https://petstore.octoperf.com/images/cart.gif,218,0,0
1681813382743,215,/actions/Catalog.action-57-4,200,,JpetReg_Dynamic 1-1,bin,true,,329,526,3,3,https://petstore.octoperf.com/images/separator.gif,215,0,0
1681813382959,215,/actions/Catalog.action-57-5,200,,JpetReg_Dynamic 1-1,bin,true,,556,524,3,3,https://petstore.octoperf.com/images/sm_fish.gif,215,0,0
1681813383175,217,/actions/Catalog.action-57-6,200,,JpetReg_Dynamic 1-1,bin,true,,591,524,3,3,https://petstore.octoperf.com/images/sm_dogs.gif,217,0,0
1681813383393,218,/actions/Catalog.action-57-7,200,,JpetReg_Dynamic 1-1,bin,true,,683,528,3,3,https://petstore.octoperf.com/images/sm_reptiles.gif,218,0,0
1681813383612,217,/actions/Catalog.action-57-8,200,,JpetReg_Dynamic 1-1,bin,true,,574,524,3,3,https://petstore.octoperf.com/images/sm_cats.gif,217,0,0
1681813383830,216,/actions/Catalog.action-57-9,200,,JpetReg_Dynamic 1-1,bin,true,,536,525,3,3,https://petstore.octoperf.com/images/sm_birds.gif,216,0,0
1681813384047,219,/actions/Catalog.action-57-10,200,,JpetReg_Dynamic 1-1,bin,true,,724,526,3,3,https://petstore.octoperf.com/images/fish_icon.gif,219,0,0
1681813384270,215,/actions/Catalog.action-57-11,200,,JpetReg_Dynamic 1-1,bin,true,,753,526,3,3,https://petstore.octoperf.com/images/dogs_icon.gif,215,0,0
1681813384486,219,/actions/Catalog.action-57-12,200,,JpetReg_Dynamic 1-1,bin,true,,693,526,3,3,https://petstore.octoperf.com/images/cats_icon.gif,219,0,0
1681813384706,219,/actions/Catalog.action-57-13,200,,JpetReg_Dynamic 1-1,bin,true,,954,530,3,3,https://petstore.octoperf.com/images/reptiles_icon.gif,219,0,0
1681813384927,227,/actions/Catalog.action-57-14,200,,JpetReg_Dynamic 1-1,bin,true,,756,527,3,3,https://petstore.octoperf.com/images/birds_icon.gif,227,0,0
1681813385155,375,/actions/Catalog.action-57-15,200,,JpetReg_Dynamic 1-1,bin,true,,36386,523,3,3,https://petstore.octoperf.com/images/splash.gif,223,0,0
1681813377309,8087,01_Launch,200,"Number of samples in transaction : 1, number of failing samples : 0",JpetReg_Dynamic 1-1,,true,,59394,8356,3,3,null,4217,158,3875
1681813377950,7640,/actions/Catalog.action-57,200,,JpetReg_Dynamic 1-3,text,true,,59394,8356,3,3,https://petstore.octoperf.com/actions/Catalog.action,3709,0,3363
1681813377950,3709,/actions/Catalog.action-57-0,200,,JpetReg_Dynamic 1-3,text,true,,5419,475,3,3,https://petstore.octoperf.com/actions/Catalog.action,3709,0,3363
1681813381745,216,/actions/Catalog.action-57-1,200,,JpetReg_Dynamic 1-3,text,true,,5966,523,3,3,https://petstore.octoperf.com/css/jpetstore.css,216,0,0
1681813382307,215,/actions/Catalog.action-57-2,200,,JpetReg_Dynamic 1-3,bin,true,,4095,528,3,3,https://petstore.octoperf.com/images/logo-topbar.gif,215,0,0
1681813382523,222,/actions/Catalog.action-57-3,200,,JpetReg_Dynamic 1-3,bin,true,,379,521,3,3,https://petstore.octoperf.com/images/cart.gif,222,0,0
1681813382745,216,/actions/Catalog.action-57-4,200,,JpetReg_Dynamic 1-3,bin,true,,329,526,3,3,https://petstore.octoperf.com/images/separator.gif,216,0,0
1681813382962,223,/actions/Catalog.action-57-5,200,,JpetReg_Dynamic 1-3,bin,true,,556,524,3,3,https://petstore.octoperf.com/images/sm_fish.gif,223,0,0
1681813383186,224,/actions/Catalog.action-57-6,200,,JpetReg_Dynamic 1-3,bin,true,,591,524,3,3,https://petstore.octoperf.com/images/sm_dogs.gif,224,0,0
1681813383411,223,/actions/Catalog.action-57-7,200,,JpetReg_Dynamic 1-3,bin,true,,683,528,3,3,https://petstore.octoperf.com/images/sm_reptiles.gif,223,0,0
1681813383634,226,/actions/Catalog.action-57-8,200,,JpetReg_Dynamic 1-3,bin,true,,574,524,3,3,https://petstore.octoperf.com/images/sm_cats.gif,226,0,0
1681813383861,228,/actions/Catalog.action-57-9,200,,JpetReg_Dynamic 1-3,bin,true,,536,525,3,3,https://petstore.octoperf.com/images/sm_birds.gif,228,0,0
1681813384090,224,/actions/Catalog.action-57-10,200,,JpetReg_Dynamic 1-3,bin,true,,724,526,3,3,https://petstore.octoperf.com/images/fish_icon.gif,224,0,0
1681813384316,222,/actions/Catalog.action-57-11,200,,JpetReg_Dynamic 1-3,bin,true,,753,526,3,3,https://petstore.octoperf.com/images/dogs_icon.gif,221,0,0
1681813384539,223,/actions/Catalog.action-57-12,200,,JpetReg_Dynamic 1-3,bin,true,,693,526,3,3,https://petstore.octoperf.com/images/cats_icon.gif,223,0,0
1681813384763,225,/actions/Catalog.action-57-13,200,,JpetReg_Dynamic 1-3,bin,true,,954,530,3,3,https://petstore.octoperf.com/images/reptiles_icon.gif,225,0,0
1681813384991,213,/actions/Catalog.action-57-14,200,,JpetReg_Dynamic 1-3,bin,true,,756,527,3,3,https://petstore.octoperf.com/images/birds_icon.gif,213,0,0
1681813385205,386,/actions/Catalog.action-57-15,200,,JpetReg_Dynamic 1-3,bin,true,,36386,523,3,3,https://petstore.octoperf.com/images/splash.gif,219,0,0
1681813377948,7640,01_Launch,200,"Number of samples in transaction : 1, number of failing samples : 0",JpetReg_Dynamic 1-3,,true,,59394,8356,3,3,null,3709,3,3363
1681813377625,7983,/actions/Catalog.action-57,200,,JpetReg_Dynamic 1-2,text,true,,59394,8356,3,3,https://petstore.octoperf.com/actions/Catalog.action,4091,0,3693
1681813377625,4091,/actions/Catalog.action-57-0,200,,JpetReg_Dynamic 1-2,text,true,,5419,475,3,3,https://petstore.octoperf.com/actions/Catalog.action,4091,0,3693
1681813381745,230,/actions/Catalog.action-57-1,200,,JpetReg_Dynamic 1-2,text,true,,5966,523,3,3,https://petstore.octoperf.com/css/jpetstore.css,230,0,0
1681813382308,234,/actions/Catalog.action-57-2,200,,JpetReg_Dynamic 1-2,bin,true,,4095,528,3,3,https://petstore.octoperf.com/images/logo-topbar.gif,234,0,0
1681813382545,220,/actions/Catalog.action-57-3,200,,JpetReg_Dynamic 1-2,bin,true,,379,521,3,3,https://petstore.octoperf.com/images/cart.gif,220,0,0
1681813382765,231,/actions/Catalog.action-57-4,200,,JpetReg_Dynamic 1-2,bin,true,,329,526,3,3,https://petstore.octoperf.com/images/separator.gif,231,0,0
1681813382997,221,/actions/Catalog.action-57-5,200,,JpetReg_Dynamic 1-2,bin,true,,556,524,3,3,https://petstore.octoperf.com/images/sm_fish.gif,221,0,0
1681813383219,216,/actions/Catalog.action-57-6,200,,JpetReg_Dynamic 1-2,bin,true,,591,524,3,3,https://petstore.octoperf.com/images/sm_dogs.gif,216,0,0
1681813383436,232,/actions/Catalog.action-57-7,200,,JpetReg_Dynamic 1-2,bin,true,,683,528,3,3,https://petstore.octoperf.com/images/sm_reptiles.gif,232,0,0
1681813383669,218,/actions/Catalog.action-57-8,200,,JpetReg_Dynamic 1-2,bin,true,,574,524,3,3,https://petstore.octoperf.com/images/sm_cats.gif,218,0,0
1681813383888,218,/actions/Catalog.action-57-9,200,,JpetReg_Dynamic 1-2,bin,true,,536,525,3,3,https://petstore.octoperf.com/images/sm_birds.gif,218,0,0
1681813384107,218,/actions/Catalog.action-57-10,200,,JpetReg_Dynamic 1-2,bin,true,,724,526,3,3,https://petstore.octoperf.com/images/fish_icon.gif,218,0,0
1681813384326,223,/actions/Catalog.action-57-11,200,,JpetReg_Dynamic 1-2,bin,true,,753,526,3,3,https://petstore.octoperf.com/images/dogs_icon.gif,223,0,0
1681813384550,219,/actions/Catalog.action-57-12,200,,JpetReg_Dynamic 1-2,bin,true,,693,526,3,3,https://petstore.octoperf.com/images/cats_icon.gif,219,0,0
1681813384771,223,/actions/Catalog.action-57-13,200,,JpetReg_Dynamic 1-2,bin,true,,954,530,3,3,https://petstore.octoperf.com/images/reptiles_icon.gif,223,0,0
1681813384996,216,/actions/Catalog.action-57-14,200,,JpetReg_Dynamic 1-2,bin,true,,756,527,3,3,https://petstore.octoperf.com/images/birds_icon.gif,216,0,0
1681813385212,397,/actions/Catalog.action-57-15,200,,JpetReg_Dynamic 1-2,bin,true,,36386,523,3,3,https://petstore.octoperf.com/images/splash.gif,229,0,0
1681813377623,7983,01_Launch,200,"Number of samples in transaction : 1, number of failing samples : 0",JpetReg_Dynamic 1-2,,true,,59394,8356,3,3,null,4091,5,3693
1681813385556,458,/actions/Account.action;jsessionid=DB214B0BB74BFD72B29CB3683A750FA1-81,200,,JpetReg_Dynamic 1-1,text,true,,3849,654,3,3,https://petstore.octoperf.com/actions/Account.action;jsessionid=A0C8225C89B9C17A6081D4A34B008320?signonForm=,458,0,0
1681813385556,458,/actions/Account.action;jsessionid=DB214B0BB74BFD72B29CB3683A750FA1-81-0,200,,JpetReg_Dynamic 1-1,text,true,,3849,654,3,3,https://petstore.octoperf.com/actions/Account.action;jsessionid=A0C8225C89B9C17A6081D4A34B008320?signonForm=,458,0,0
1681813385555,458,02_ClickOnSignIn,200,"Number of samples in transaction : 1, number of failing samples : 0",JpetReg_Dynamic 1-1,,true,,3849,654,3,3,null,458,6,0
1681813385593,428,/actions/Account.action;jsessionid=DB214B0BB74BFD72B29CB3683A750FA1-81,200,,JpetReg_Dynamic 1-3,text,true,,3849,654,3,3,https://petstore.octoperf.com/actions/Account.action;jsessionid=98D7BDC5F463A8C7B835954D94B35C06?signonForm=,428,0,0
1681813385593,428,/actions/Account.action;jsessionid=DB214B0BB74BFD72B29CB3683A750FA1-81-0,200,,JpetReg_Dynamic 1-3,text,true,,3849,654,3,3,https://petstore.octoperf.com/actions/Account.action;jsessionid=98D7BDC5F463A8C7B835954D94B35C06?signonForm=,428,0,0
1681813385592,428,02_ClickOnSignIn,200,"Number of samples in transaction : 1, number of failing samples : 0",JpetReg_Dynamic 1-3,,true,,3849,654,3,3,null,428,5,0
1681813385613,482,/actions/Account.action;jsessionid=DB214B0BB74BFD72B29CB3683A750FA1-81,200,,JpetReg_Dynamic 1-2,text,true,,3847,654,3,3,https://petstore.octoperf.com/actions/Account.action;jsessionid=5AABCB582F0A27B8D896247BA2EFB9B5?signonForm=,482,0,0
1681813385613,482,/actions/Account.action;jsessionid=DB214B0BB74BFD72B29CB3683A750FA1-81-0,200,,JpetReg_Dynamic 1-2,text,true,,3847,654,3,3,https://petstore.octoperf.com/actions/Account.action;jsessionid=5AABCB582F0A27B8D896247BA2EFB9B5?signonForm=,482,0,0
1681813385612,482,02_ClickOnSignIn,200,"Number of samples in transaction : 1, number of failing samples : 0",JpetReg_Dynamic 1-2,,true,,3847,654,3,3,null,482,6,0
1681813386025,223,/actions/Account.action-85,200,,JpetReg_Dynamic 1-3,text,true,,5811,670,3,3,https://petstore.octoperf.com/actions/Account.action?newAccountForm=,223,0,0
1681813386025,223,/actions/Account.action-85-0,200,,JpetReg_Dynamic 1-3,text,true,,5811,670,3,3,https://petstore.octoperf.com/actions/Account.action?newAccountForm=,223,0,0
1681813386025,223,03_ClickOnRegisterNow,200,"Number of samples in transaction : 1, number of failing samples : 0",JpetReg_Dynamic 1-3,,true,,5811,670,3,3,null,223,4,0
1681813386020,232,/actions/Account.action-85,200,,JpetReg_Dynamic 1-1,text,true,,5811,670,3,3,https://petstore.octoperf.com/actions/Account.action?newAccountForm=,232,0,0
1681813386020,232,/actions/Account.action-85-0,200,,JpetReg_Dynamic 1-1,text,true,,5811,670,3,3,https://petstore.octoperf.com/actions/Account.action?newAccountForm=,232,0,0
1681813386019,232,03_ClickOnRegisterNow,200,"Number of samples in transaction : 1, number of failing samples : 0",JpetReg_Dynamic 1-1,,true,,5811,670,3,3,null,232,4,0
1681813386101,406,/actions/Account.action-85,200,,JpetReg_Dynamic 1-2,text,true,,5811,670,3,3,https://petstore.octoperf.com/actions/Account.action?newAccountForm=,406,0,0
1681813386101,406,/actions/Account.action-85-0,200,,JpetReg_Dynamic 1-2,text,true,,5811,670,3,3,https://petstore.octoperf.com/actions/Account.action?newAccountForm=,406,0,0
1681813386100,406,03_ClickOnRegisterNow,200,"Number of samples in transaction : 1, number of failing samples : 0",JpetReg_Dynamic 1-2,,true,,5811,670,3,3,null,406,6,0
1681813386252,457,/actions/Account.action-111,200,,JpetReg_Dynamic 1-3,text,true,,4946,2221,3,3,https://petstore.octoperf.com/actions/Catalog.action,225,0,0
1681813386252,225,/actions/Account.action-111-0,302,,JpetReg_Dynamic 1-3,,true,,218,1519,3,3,https://petstore.octoperf.com/actions/Account.action,225,0,0
1681813386478,231,/actions/Account.action-111-1,200,,JpetReg_Dynamic 1-3,text,true,,4728,702,3,3,https://petstore.octoperf.com/actions/Catalog.action,231,0,0
1681813386256,740,/actions/Account.action-111,200,,JpetReg_Dynamic 1-1,text,true,,4946,2221,3,3,https://petstore.octoperf.com/actions/Catalog.action,425,0,0
1681813386256,425,/actions/Account.action-111-0,302,,JpetReg_Dynamic 1-1,,true,,218,1519,3,3,https://petstore.octoperf.com/actions/Account.action,425,0,0
1681813386681,315,/actions/Account.action-111-1,200,,JpetReg_Dynamic 1-1,text,true,,4728,702,3,3,https://petstore.octoperf.com/actions/Catalog.action,315,0,0
1681813386512,507,/actions/Account.action-111,200,,JpetReg_Dynamic 1-2,text,true,,4946,2221,3,3,https://petstore.octoperf.com/actions/Catalog.action,281,0,0
1681813386512,281,/actions/Account.action-111-0,302,,JpetReg_Dynamic 1-2,,true,,218,1519,3,3,https://petstore.octoperf.com/actions/Account.action,281,0,0
1681813386793,226,/actions/Account.action-111-1,200,,JpetReg_Dynamic 1-2,text,true,,4728,702,3,3,https://petstore.octoperf.com/actions/Catalog.action,226,0,0
1681813386716,367,/actions/Catalog.action-112,200,,JpetReg_Dynamic 1-3,text,true,,4728,614,3,3,https://petstore.octoperf.com/actions/Catalog.action,367,0,0
1681813386716,367,/actions/Catalog.action-112-0,200,,JpetReg_Dynamic 1-3,text,true,,4728,614,3,3,https://petstore.octoperf.com/actions/Catalog.action,367,0,0
1681813386252,824,04_SaveAccountInformation,200,"Number of samples in transaction : 2, number of failing samples : 0",JpetReg_Dynamic 1-3,,true,,9674,2835,3,3,null,592,12,0
1681813387005,231,/actions/Catalog.action-112,200,,JpetReg_Dynamic 1-1,text,true,,4728,614,3,3,https://petstore.octoperf.com/actions/Catalog.action,231,0,0
1681813387005,231,/actions/Catalog.action-112-0,200,,JpetReg_Dynamic 1-1,text,true,,4728,614,3,3,https://petstore.octoperf.com/actions/Catalog.action,231,0,0
1681813386255,971,04_SaveAccountInformation,200,"Number of samples in transaction : 2, number of failing samples : 0",JpetReg_Dynamic 1-1,,true,,9674,2835,3,3,null,656,13,0
1681813387023,228,/actions/Catalog.action-112,200,,JpetReg_Dynamic 1-2,text,true,,4728,614,3,3,https://petstore.octoperf.com/actions/Catalog.action,228,0,0
1681813387023,228,/actions/Catalog.action-112-0,200,,JpetReg_Dynamic 1-2,text,true,,4728,614,3,3,https://petstore.octoperf.com/actions/Catalog.action,228,0,0
1681813386512,735,04_SaveAccountInformation,200,"Number of samples in transaction : 2, number of failing samples : 0",JpetReg_Dynamic 1-2,,true,,9674,2835,3,3,null,509,7,0
1681813387090,3652,/actions/Catalog.action-57,200,,JpetReg_Dynamic 1-3,text,true,,59394,8356,3,3,https://petstore.octoperf.com/actions/Catalog.action,242,0,0
1681813387090,242,/actions/Catalog.action-57-0,200,,JpetReg_Dynamic 1-3,text,true,,5419,475,3,3,https://petstore.octoperf.com/actions/Catalog.action,242,0,0
1681813387332,222,/actions/Catalog.action-57-1,200,,JpetReg_Dynamic 1-3,text,true,,5966,523,3,3,https://petstore.octoperf.com/css/jpetstore.css,222,0,0
1681813387555,211,/actions/Catalog.action-57-2,200,,JpetReg_Dynamic 1-3,bin,true,,4095,528,3,3,https://petstore.octoperf.com/images/logo-topbar.gif,211,0,0
1681813387768,221,/actions/Catalog.action-57-3,200,,JpetReg_Dynamic 1-3,bin,true,,379,521,3,3,https://petstore.octoperf.com/images/cart.gif,221,0,0
1681813387990,212,/actions/Catalog.action-57-4,200,,JpetReg_Dynamic 1-3,bin,true,,329,526,3,3,https://petstore.octoperf.com/images/separator.gif,212,0,0
1681813388204,210,/actions/Catalog.action-57-5,200,,JpetReg_Dynamic 1-3,bin,true,,556,524,3,3,https://petstore.octoperf.com/images/sm_fish.gif,210,0,0
1681813388415,223,/actions/Catalog.action-57-6,200,,JpetReg_Dynamic 1-3,bin,true,,591,524,3,3,https://petstore.octoperf.com/images/sm_dogs.gif,223,0,0
1681813388639,215,/actions/Catalog.action-57-7,200,,JpetReg_Dynamic 1-3,bin,true,,683,528,3,3,https://petstore.octoperf.com/images/sm_reptiles.gif,214,0,0
1681813388854,223,/actions/Catalog.action-57-8,200,,JpetReg_Dynamic 1-3,bin,true,,574,524,3,3,https://petstore.octoperf.com/images/sm_cats.gif,223,0,0
1681813389078,213,/actions/Catalog.action-57-9,200,,JpetReg_Dynamic 1-3,bin,true,,536,525,3,3,https://petstore.octoperf.com/images/sm_birds.gif,213,0,0
1681813389291,210,/actions/Catalog.action-57-10,200,,JpetReg_Dynamic 1-3,bin,true,,724,526,3,3,https://petstore.octoperf.com/images/fish_icon.gif,210,0,0
1681813389501,216,/actions/Catalog.action-57-11,200,,JpetReg_Dynamic 1-3,bin,true,,753,526,3,3,https://petstore.octoperf.com/images/dogs_icon.gif,216,0,0
1681813389717,212,/actions/Catalog.action-57-12,200,,JpetReg_Dynamic 1-3,bin,true,,693,526,3,3,https://petstore.octoperf.com/images/cats_icon.gif,212,0,0
1681813389929,214,/actions/Catalog.action-57-13,200,,JpetReg_Dynamic 1-3,bin,true,,954,530,3,3,https://petstore.octoperf.com/images/reptiles_icon.gif,214,0,0
1681813390144,211,/actions/Catalog.action-57-14,200,,JpetReg_Dynamic 1-3,bin,true,,756,527,3,3,https://petstore.octoperf.com/images/birds_icon.gif,211,0,0
1681813390356,386,/actions/Catalog.action-57-15,200,,JpetReg_Dynamic 1-3,bin,true,,36386,523,3,3,https://petstore.octoperf.com/images/splash.gif,226,0,0
1681813387089,3652,01_Launch,200,"Number of samples in transaction : 1, number of failing samples : 0",JpetReg_Dynamic 1-3,,true,,59394,8356,3,3,null,242,3,0
1681813390744,219,/actions/Account.action;jsessionid=DB214B0BB74BFD72B29CB3683A750FA1-81,200,,JpetReg_Dynamic 1-3,text,true,,3851,654,3,3,https://petstore.octoperf.com/actions/Account.action;jsessionid=1824DB9F7F2C7284219BD27AFF8C3A38?signonForm=,219,0,0
1681813390744,219,/actions/Account.action;jsessionid=DB214B0BB74BFD72B29CB3683A750FA1-81-0,200,,JpetReg_Dynamic 1-3,text,true,,3851,654,3,3,https://petstore.octoperf.com/actions/Account.action;jsessionid=1824DB9F7F2C7284219BD27AFF8C3A38?signonForm=,219,0,0
1681813390743,219,02_ClickOnSignIn,200,"Number of samples in transaction : 1, number of failing samples : 0",JpetReg_Dynamic 1-3,,true,,3851,654,3,3,null,219,3,0
1681813387241,3774,/actions/Catalog.action-57,200,,JpetReg_Dynamic 1-1,text,true,,59394,8356,3,3,https://petstore.octoperf.com/actions/Catalog.action,378,0,0
1681813387241,378,/actions/Catalog.action-57-0,200,,JpetReg_Dynamic 1-1,text,true,,5419,475,3,3,https://petstore.octoperf.com/actions/Catalog.action,378,0,0
1681813387619,217,/actions/Catalog.action-57-1,200,,JpetReg_Dynamic 1-1,text,true,,5966,523,3,3,https://petstore.octoperf.com/css/jpetstore.css,217,0,0
1681813387837,221,/actions/Catalog.action-57-2,200,,JpetReg_Dynamic 1-1,bin,true,,4095,528,3,3,https://petstore.octoperf.com/images/logo-topbar.gif,221,0,0
1681813388060,220,/actions/Catalog.action-57-3,200,,JpetReg_Dynamic 1-1,bin,true,,379,521,3,3,https://petstore.octoperf.com/images/cart.gif,220,0,0
1681813388281,219,/actions/Catalog.action-57-4,200,,JpetReg_Dynamic 1-1,bin,true,,329,526,3,3,https://petstore.octoperf.com/images/separator.gif,219,0,0
1681813388500,216,/actions/Catalog.action-57-5,200,,JpetReg_Dynamic 1-1,bin,true,,556,524,3,3,https://petstore.octoperf.com/images/sm_fish.gif,216,0,0
1681813388716,219,/actions/Catalog.action-57-6,200,,JpetReg_Dynamic 1-1,bin,true,,591,524,3,3,https://petstore.octoperf.com/images/sm_dogs.gif,218,0,0
1681813388935,223,/actions/Catalog.action-57-7,200,,JpetReg_Dynamic 1-1,bin,true,,683,528,3,3,https://petstore.octoperf.com/images/sm_reptiles.gif,223,0,0
1681813389158,226,/actions/Catalog.action-57-8,200,,JpetReg_Dynamic 1-1,bin,true,,574,524,3,3,https://petstore.octoperf.com/images/sm_cats.gif,225,0,0
1681813389384,228,/actions/Catalog.action-57-9,200,,JpetReg_Dynamic 1-1,bin,true,,536,525,3,3,https://petstore.octoperf.com/images/sm_birds.gif,228,0,0
1681813389613,227,/actions/Catalog.action-57-10,200,,JpetReg_Dynamic 1-1,bin,true,,724,526,3,3,https://petstore.octoperf.com/images/fish_icon.gif,227,0,0
1681813389840,228,/actions/Catalog.action-57-11,200,,JpetReg_Dynamic 1-1,bin,true,,753,526,3,3,https://petstore.octoperf.com/images/dogs_icon.gif,228,0,0
1681813390069,225,/actions/Catalog.action-57-12,200,,JpetReg_Dynamic 1-1,bin,true,,693,526,3,3,https://petstore.octoperf.com/images/cats_icon.gif,225,0,0
1681813390295,215,/actions/Catalog.action-57-13,200,,JpetReg_Dynamic 1-1,bin,true,,954,530,3,3,https://petstore.octoperf.com/images/reptiles_icon.gif,215,0,0
1681813390510,216,/actions/Catalog.action-57-14,200,,JpetReg_Dynamic 1-1,bin,true,,756,527,3,3,https://petstore.octoperf.com/images/birds_icon.gif,215,0,0
1681813390726,289,/actions/Catalog.action-57-15,200,,JpetReg_Dynamic 1-1,bin,true,,36386,523,3,3,https://petstore.octoperf.com/images/splash.gif,228,0,0
1681813387240,3774,01_Launch,200,"Number of samples in transaction : 1, number of failing samples : 0",JpetReg_Dynamic 1-1,,true,,59394,8356,3,3,null,378,4,0
1681813387256,3766,/actions/Catalog.action-57,200,,JpetReg_Dynamic 1-2,text,true,,59394,8356,3,3,https://petstore.octoperf.com/actions/Catalog.action,263,0,0
1681813387256,263,/actions/Catalog.action-57-0,200,,JpetReg_Dynamic 1-2,text,true,,5419,475,3,3,https://petstore.octoperf.com/actions/Catalog.action,263,0,0
1681813387520,234,/actions/Catalog.action-57-1,200,,JpetReg_Dynamic 1-2,text,true,,5966,523,3,3,https://petstore.octoperf.com/css/jpetstore.css,234,0,0
1681813387756,217,/actions/Catalog.action-57-2,200,,JpetReg_Dynamic 1-2,bin,true,,4095,528,3,3,https://petstore.octoperf.com/images/logo-topbar.gif,217,0,0
1681813387974,232,/actions/Catalog.action-57-3,200,,JpetReg_Dynamic 1-2,bin,true,,379,521,3,3,https://petstore.octoperf.com/images/cart.gif,231,0,0
1681813388207,232,/actions/Catalog.action-57-4,200,,JpetReg_Dynamic 1-2,bin,true,,329,526,3,3,https://petstore.octoperf.com/images/separator.gif,232,0,0
1681813388440,221,/actions/Catalog.action-57-5,200,,JpetReg_Dynamic 1-2,bin,true,,556,524,3,3,https://petstore.octoperf.com/images/sm_fish.gif,221,0,0
1681813388662,228,/actions/Catalog.action-57-6,200,,JpetReg_Dynamic 1-2,bin,true,,591,524,3,3,https://petstore.octoperf.com/images/sm_dogs.gif,228,0,0
1681813388891,219,/actions/Catalog.action-57-7,200,,JpetReg_Dynamic 1-2,bin,true,,683,528,3,3,https://petstore.octoperf.com/images/sm_reptiles.gif,219,0,0
1681813389110,221,/actions/Catalog.action-57-8,200,,JpetReg_Dynamic 1-2,bin,true,,574,524,3,3,https://petstore.octoperf.com/images/sm_cats.gif,221,0,0
1681813389331,218,/actions/Catalog.action-57-9,200,,JpetReg_Dynamic 1-2,bin,true,,536,525,3,3,https://petstore.octoperf.com/images/sm_birds.gif,218,0,0
1681813389550,216,/actions/Catalog.action-57-10,200,,JpetReg_Dynamic 1-2,bin,true,,724,526,3,3,https://petstore.octoperf.com/images/fish_icon.gif,216,0,0
1681813389767,221,/actions/Catalog.action-57-11,200,,JpetReg_Dynamic 1-2,bin,true,,753,526,3,3,https://petstore.octoperf.com/images/dogs_icon.gif,221,0,0
1681813389988,219,/actions/Catalog.action-57-12,200,,JpetReg_Dynamic 1-2,bin,true,,693,526,3,3,https://petstore.octoperf.com/images/cats_icon.gif,219,0,0
1681813390208,218,/actions/Catalog.action-57-13,200,,JpetReg_Dynamic 1-2,bin,true,,954,530,3,3,https://petstore.octoperf.com/images/reptiles_icon.gif,218,0,0
1681813390427,218,/actions/Catalog.action-57-14,200,,JpetReg_Dynamic 1-2,bin,true,,756,527,3,3,https://petstore.octoperf.com/images/birds_icon.gif,218,0,0
1681813390646,376,/actions/Catalog.action-57-15,200,,JpetReg_Dynamic 1-2,bin,true,,36386,523,3,3,https://petstore.octoperf.com/images/splash.gif,221,0,0
1681813387256,3766,01_Launch,200,"Number of samples in transaction : 1, number of failing samples : 0",JpetReg_Dynamic 1-2,,true,,59394,8356,3,3,null,263,2,0
1681813390965,225,/actions/Account.action-85,200,,JpetReg_Dynamic 1-3,text,true,,5811,670,3,3,https://petstore.octoperf.com/actions/Account.action?newAccountForm=,225,0,0
1681813390965,225,/actions/Account.action-85-0,200,,JpetReg_Dynamic 1-3,text,true,,5811,670,3,3,https://petstore.octoperf.com/actions/Account.action?newAccountForm=,225,0,0
1681813390965,225,03_ClickOnRegisterNow,200,"Number of samples in transaction : 1, number of failing samples : 0",JpetReg_Dynamic 1-3,,true,,5811,670,3,3,null,225,2,0
1681813391018,226,/actions/Account.action;jsessionid=DB214B0BB74BFD72B29CB3683A750FA1-81,200,,JpetReg_Dynamic 1-1,text,true,,3851,654,3,3,https://petstore.octoperf.com/actions/Account.action;jsessionid=B3EBD0FA9F6B1E202A6F377C1B58AD75?signonForm=,226,0,0
1681813391018,226,/actions/Account.action;jsessionid=DB214B0BB74BFD72B29CB3683A750FA1-81-0,200,,JpetReg_Dynamic 1-1,text,true,,3851,654,3,3,https://petstore.octoperf.com/actions/Account.action;jsessionid=B3EBD0FA9F6B1E202A6F377C1B58AD75?signonForm=,226,0,0
1681813391017,226,02_ClickOnSignIn,200,"Number of samples in transaction : 1, number of failing samples : 0",JpetReg_Dynamic 1-1,,true,,3851,654,3,3,null,226,2,0
1681813391024,386,/actions/Account.action;jsessionid=DB214B0BB74BFD72B29CB3683A750FA1-81,200,,JpetReg_Dynamic 1-2,text,true,,3847,654,3,3,https://petstore.octoperf.com/actions/Account.action;jsessionid=D5B42288D735F228A6981434B994D4E8?signonForm=,386,0,0
1681813391024,386,/actions/Account.action;jsessionid=DB214B0BB74BFD72B29CB3683A750FA1-81-0,200,,JpetReg_Dynamic 1-2,text,true,,3847,654,3,3,https://petstore.octoperf.com/actions/Account.action;jsessionid=D5B42288D735F228A6981434B994D4E8?signonForm=,386,0,0
1681813391023,386,02_ClickOnSignIn,200,"Number of samples in transaction : 1, number of failing samples : 0",JpetReg_Dynamic 1-2,,true,,3847,654,3,3,null,386,2,0
1681813391246,237,/actions/Account.action-85,200,,JpetReg_Dynamic 1-1,text,true,,5809,670,3,3,https://petstore.octoperf.com/actions/Account.action?newAccountForm=,237,0,0
1681813391246,237,/actions/Account.action-85-0,200,,JpetReg_Dynamic 1-1,text,true,,5809,670,3,3,https://petstore.octoperf.com/actions/Account.action?newAccountForm=,237,0,0
1681813391245,237,03_ClickOnRegisterNow,200,"Number of samples in transaction : 1, number of failing samples : 0",JpetReg_Dynamic 1-1,,true,,5809,670,3,3,null,237,3,0
1681813391411,231,/actions/Account.action-85,200,,JpetReg_Dynamic 1-2,text,true,,5811,670,3,3,https://petstore.octoperf.com/actions/Account.action?newAccountForm=,231,0,0
1681813391411,231,/actions/Account.action-85-0,200,,JpetReg_Dynamic 1-2,text,true,,5811,670,3,3,https://petstore.octoperf.com/actions/Account.action?newAccountForm=,231,0,0
1681813391411,231,03_ClickOnRegisterNow,200,"Number of samples in transaction : 1, number of failing samples : 0",JpetReg_Dynamic 1-2,,true,,5811,670,3,3,null,231,4,0
1681813391192,626,/actions/Account.action-111,200,,JpetReg_Dynamic 1-3,text,true,,4946,2221,3,3,https://petstore.octoperf.com/actions/Catalog.action,332,0,0
1681813391192,332,/actions/Account.action-111-0,302,,JpetReg_Dynamic 1-3,,true,,218,1519,3,3,https://petstore.octoperf.com/actions/Account.action,332,0,0
1681813391524,294,/actions/Account.action-111-1,200,,JpetReg_Dynamic 1-3,text,true,,4728,702,3,3,https://petstore.octoperf.com/actions/Catalog.action,294,0,0
1681813391486,459,/actions/Account.action-111,200,,JpetReg_Dynamic 1-1,text,true,,4946,2221,3,3,https://petstore.octoperf.com/actions/Catalog.action,224,0,0
1681813391486,224,/actions/Account.action-111-0,302,,JpetReg_Dynamic 1-1,,true,,218,1519,3,3,https://petstore.octoperf.com/actions/Account.action,224,0,0
1681813391710,235,/actions/Account.action-111-1,200,,JpetReg_Dynamic 1-1,text,true,,4728,702,3,3,https://petstore.octoperf.com/actions/Catalog.action,235,0,0
1681813391822,221,/actions/Catalog.action-112,200,,JpetReg_Dynamic 1-3,text,true,,4728,614,3,3,https://petstore.octoperf.com/actions/Catalog.action,221,0,0
1681813391822,221,/actions/Catalog.action-112-0,200,,JpetReg_Dynamic 1-3,text,true,,4728,614,3,3,https://petstore.octoperf.com/actions/Catalog.action,221,0,0
1681813391192,847,04_SaveAccountInformation,200,"Number of samples in transaction : 2, number of failing samples : 0",JpetReg_Dynamic 1-3,,true,,9674,2835,3,3,null,553,6,0
1681813391647,480,/actions/Account.action-111,200,,JpetReg_Dynamic 1-2,text,true,,4946,2221,3,3,https://petstore.octoperf.com/actions/Catalog.action,227,0,0
1681813391647,227,/actions/Account.action-111-0,302,,JpetReg_Dynamic 1-2,,true,,218,1519,3,3,https://petstore.octoperf.com/actions/Account.action,227,0,0
1681813391875,252,/actions/Account.action-111-1,200,,JpetReg_Dynamic 1-2,text,true,,4728,702,3,3,https://petstore.octoperf.com/actions/Catalog.action,252,0,0
1681813391949,243,/actions/Catalog.action-112,200,,JpetReg_Dynamic 1-1,text,true,,4728,614,3,3,https://petstore.octoperf.com/actions/Catalog.action,243,0,0
1681813391949,243,/actions/Catalog.action-112-0,200,,JpetReg_Dynamic 1-1,text,true,,4728,614,3,3,https://petstore.octoperf.com/actions/Catalog.action,243,0,0
1681813391485,702,04_SaveAccountInformation,200,"Number of samples in transaction : 2, number of failing samples : 0",JpetReg_Dynamic 1-1,,true,,9674,2835,3,3,null,467,8,0
1681813392129,276,/actions/Catalog.action-112,200,,JpetReg_Dynamic 1-2,text,true,,4728,614,3,3,https://petstore.octoperf.com/actions/Catalog.action,276,0,0
1681813392129,276,/actions/Catalog.action-112-0,200,,JpetReg_Dynamic 1-2,text,true,,4728,614,3,3,https://petstore.octoperf.com/actions/Catalog.action,276,0,0
1681813391646,756,04_SaveAccountInformation,200,"Number of samples in transaction : 2, number of failing samples : 0",JpetReg_Dynamic 1-2,,true,,9674,2835,3,3,null,503,5,0
1681813392047,3518,/actions/Catalog.action-57,200,,JpetReg_Dynamic 1-3,text,true,,59394,8356,3,3,https://petstore.octoperf.com/actions/Catalog.action,219,0,0
1681813392047,219,/actions/Catalog.action-57-0,200,,JpetReg_Dynamic 1-3,text,true,,5419,475,3,3,https://petstore.octoperf.com/actions/Catalog.action,219,0,0
1681813392267,213,/actions/Catalog.action-57-1,200,,JpetReg_Dynamic 1-3,text,true,,5966,523,3,3,https://petstore.octoperf.com/css/jpetstore.css,213,0,0
1681813392481,224,/actions/Catalog.action-57-2,200,,JpetReg_Dynamic 1-3,bin,true,,4095,528,3,3,https://petstore.octoperf.com/images/logo-topbar.gif,224,0,0
1681813392706,213,/actions/Catalog.action-57-3,200,,JpetReg_Dynamic 1-3,bin,true,,379,521,3,3,https://petstore.octoperf.com/images/cart.gif,213,0,0
1681813392920,222,/actions/Catalog.action-57-4,200,,JpetReg_Dynamic 1-3,bin,true,,329,526,3,3,https://petstore.octoperf.com/images/separator.gif,222,0,0
1681813393143,211,/actions/Catalog.action-57-5,200,,JpetReg_Dynamic 1-3,bin,true,,556,524,3,3,https://petstore.octoperf.com/images/sm_fish.gif,211,0,0
1681813393355,226,/actions/Catalog.action-57-6,200,,JpetReg_Dynamic 1-3,bin,true,,591,524,3,3,https://petstore.octoperf.com/images/sm_dogs.gif,226,0,0
1681813393582,219,/actions/Catalog.action-57-7,200,,JpetReg_Dynamic 1-3,bin,true,,683,528,3,3,https://petstore.octoperf.com/images/sm_reptiles.gif,219,0,0
1681813393802,222,/actions/Catalog.action-57-8,200,,JpetReg_Dynamic 1-3,bin,true,,574,524,3,3,https://petstore.octoperf.com/images/sm_cats.gif,222,0,0
1681813394024,214,/actions/Catalog.action-57-9,200,,JpetReg_Dynamic 1-3,bin,true,,536,525,3,3,https://petstore.octoperf.com/images/sm_birds.gif,214,0,0
1681813394239,224,/actions/Catalog.action-57-10,200,,JpetReg_Dynamic 1-3,bin,true,,724,526,3,3,https://petstore.octoperf.com/images/fish_icon.gif,224,0,0
1681813394464,214,/actions/Catalog.action-57-11,200,,JpetReg_Dynamic 1-3,bin,true,,753,526,3,3,https://petstore.octoperf.com/images/dogs_icon.gif,214,0,0
1681813394679,215,/actions/Catalog.action-57-12,200,,JpetReg_Dynamic 1-3,bin,true,,693,526,3,3,https://petstore.octoperf.com/images/cats_icon.gif,214,0,0
1681813394894,224,/actions/Catalog.action-57-13,200,,JpetReg_Dynamic 1-3,bin,true,,954,530,3,3,https://petstore.octoperf.com/images/reptiles_icon.gif,224,0,0
1681813395119,213,/actions/Catalog.action-57-14,200,,JpetReg_Dynamic 1-3,bin,true,,756,527,3,3,https://petstore.octoperf.com/images/birds_icon.gif,213,0,0
1681813395333,232,/actions/Catalog.action-57-15,200,,JpetReg_Dynamic 1-3,bin,true,,36386,523,3,3,https://petstore.octoperf.com/images/splash.gif,230,0,0
1681813392047,3518,01_Launch,200,"Number of samples in transaction : 1, number of failing samples : 0",JpetReg_Dynamic 1-3,,true,,59394,8356,3,3,null,219,1,0
1681813395567,226,/actions/Account.action;jsessionid=DB214B0BB74BFD72B29CB3683A750FA1-81,200,,JpetReg_Dynamic 1-3,text,true,,3847,654,3,3,https://petstore.octoperf.com/actions/Account.action;jsessionid=310125B17C514845C9EF73FE71FA2C7C?signonForm=,226,0,0
1681813395567,226,/actions/Account.action;jsessionid=DB214B0BB74BFD72B29CB3683A750FA1-81-0,200,,JpetReg_Dynamic 1-3,text,true,,3847,654,3,3,https://petstore.octoperf.com/actions/Account.action;jsessionid=310125B17C514845C9EF73FE71FA2C7C?signonForm=,226,0,0
1681813395566,226,02_ClickOnSignIn,200,"Number of samples in transaction : 1, number of failing samples : 0",JpetReg_Dynamic 1-3,,true,,3847,654,3,3,null,226,3,0
1681813392198,3740,/actions/Catalog.action-57,200,,JpetReg_Dynamic 1-1,text,true,,59394,8356,3,3,https://petstore.octoperf.com/actions/Catalog.action,230,0,0
1681813392198,231,/actions/Catalog.action-57-0,200,,JpetReg_Dynamic 1-1,text,true,,5419,475,3,3,https://petstore.octoperf.com/actions/Catalog.action,230,0,0
1681813392429,219,/actions/Catalog.action-57-1,200,,JpetReg_Dynamic 1-1,text,true,,5966,523,3,3,https://petstore.octoperf.com/css/jpetstore.css,219,0,0
1681813392649,229,/actions/Catalog.action-57-2,200,,JpetReg_Dynamic 1-1,bin,true,,4095,528,3,3,https://petstore.octoperf.com/images/logo-topbar.gif,229,0,0
1681813392878,219,/actions/Catalog.action-57-3,200,,JpetReg_Dynamic 1-1,bin,true,,379,521,3,3,https://petstore.octoperf.com/images/cart.gif,219,0,0
1681813393098,227,/actions/Catalog.action-57-4,200,,JpetReg_Dynamic 1-1,bin,true,,329,526,3,3,https://petstore.octoperf.com/images/separator.gif,227,0,0
1681813393325,223,/actions/Catalog.action-57-5,200,,JpetReg_Dynamic 1-1,bin,true,,556,524,3,3,https://petstore.octoperf.com/images/sm_fish.gif,223,0,0
1681813393549,228,/actions/Catalog.action-57-6,200,,JpetReg_Dynamic 1-1,bin,true,,591,524,3,3,https://petstore.octoperf.com/images/sm_dogs.gif,228,0,0
1681813393777,218,/actions/Catalog.action-57-7,200,,JpetReg_Dynamic 1-1,bin,true,,683,528,3,3,https://petstore.octoperf.com/images/sm_reptiles.gif,218,0,0
1681813393995,229,/actions/Catalog.action-57-8,200,,JpetReg_Dynamic 1-1,bin,true,,574,524,3,3,https://petstore.octoperf.com/images/sm_cats.gif,229,0,0
1681813394225,217,/actions/Catalog.action-57-9,200,,JpetReg_Dynamic 1-1,bin,true,,536,525,3,3,https://petstore.octoperf.com/images/sm_birds.gif,217,0,0
1681813394443,228,/actions/Catalog.action-57-10,200,,JpetReg_Dynamic 1-1,bin,true,,724,526,3,3,https://petstore.octoperf.com/images/fish_icon.gif,228,0,0
1681813394672,227,/actions/Catalog.action-57-11,200,,JpetReg_Dynamic 1-1,bin,true,,753,526,3,3,https://petstore.octoperf.com/images/dogs_icon.gif,227,0,0
1681813394900,217,/actions/Catalog.action-57-12,200,,JpetReg_Dynamic 1-1,bin,true,,693,526,3,3,https://petstore.octoperf.com/images/cats_icon.gif,217,0,0
1681813395117,229,/actions/Catalog.action-57-13,200,,JpetReg_Dynamic 1-1,bin,true,,954,530,3,3,https://petstore.octoperf.com/images/reptiles_icon.gif,229,0,0
1681813395347,219,/actions/Catalog.action-57-14,200,,JpetReg_Dynamic 1-1,bin,true,,756,527,3,3,https://petstore.octoperf.com/images/birds_icon.gif,219,0,0
1681813395567,371,/actions/Catalog.action-57-15,200,,JpetReg_Dynamic 1-1,bin,true,,36386,523,3,3,https://petstore.octoperf.com/images/splash.gif,219,0,0
1681813392197,3740,01_Launch,200,"Number of samples in transaction : 1, number of failing samples : 0",JpetReg_Dynamic 1-1,,true,,59394,8356,3,3,null,230,2,0
1681813395796,223,/actions/Account.action-85,200,,JpetReg_Dynamic 1-3,text,true,,5813,670,3,3,https://petstore.octoperf.com/actions/Account.action?newAccountForm=,223,0,0
1681813395796,223,/actions/Account.action-85-0,200,,JpetReg_Dynamic 1-3,text,true,,5813,670,3,3,https://petstore.octoperf.com/actions/Account.action?newAccountForm=,223,0,0
1681813395795,223,03_ClickOnRegisterNow,200,"Number of samples in transaction : 1, number of failing samples : 0",JpetReg_Dynamic 1-3,,true,,5813,670,3,3,null,223,3,0
1681813395939,225,/actions/Account.action;jsessionid=DB214B0BB74BFD72B29CB3683A750FA1-81,200,,JpetReg_Dynamic 1-1,text,true,,3849,654,3,3,https://petstore.octoperf.com/actions/Account.action;jsessionid=B126AF40F08F4B60FC0172F9DBD9165E?signonForm=,225,0,0
1681813395939,225,/actions/Account.action;jsessionid=DB214B0BB74BFD72B29CB3683A750FA1-81-0,200,,JpetReg_Dynamic 1-1,text,true,,3849,654,3,3,https://petstore.octoperf.com/actions/Account.action;jsessionid=B126AF40F08F4B60FC0172F9DBD9165E?signonForm=,225,0,0
1681813395939,225,02_ClickOnSignIn,200,"Number of samples in transaction : 1, number of failing samples : 0",JpetReg_Dynamic 1-1,,true,,3849,654,3,3,null,225,2,0
1681813392409,3761,/actions/Catalog.action-57,200,,JpetReg_Dynamic 1-2,text,true,,59394,8356,3,3,https://petstore.octoperf.com/actions/Catalog.action,387,0,0
1681813392409,387,/actions/Catalog.action-57-0,200,,JpetReg_Dynamic 1-2,text,true,,5419,475,3,3,https://petstore.octoperf.com/actions/Catalog.action,387,0,0
1681813392798,218,/actions/Catalog.action-57-1,200,,JpetReg_Dynamic 1-2,text,true,,5966,523,3,3,https://petstore.octoperf.com/css/jpetstore.css,218,0,0
1681813393018,219,/actions/Catalog.action-57-2,200,,JpetReg_Dynamic 1-2,bin,true,,4095,528,3,3,https://petstore.octoperf.com/images/logo-topbar.gif,219,0,0
1681813393239,220,/actions/Catalog.action-57-3,200,,JpetReg_Dynamic 1-2,bin,true,,379,521,3,3,https://petstore.octoperf.com/images/cart.gif,220,0,0
1681813393459,216,/actions/Catalog.action-57-4,200,,JpetReg_Dynamic 1-2,bin,true,,329,526,3,3,https://petstore.octoperf.com/images/separator.gif,216,0,0
1681813393676,218,/actions/Catalog.action-57-5,200,,JpetReg_Dynamic 1-2,bin,true,,556,524,3,3,https://petstore.octoperf.com/images/sm_fish.gif,218,0,0
1681813393894,217,/actions/Catalog.action-57-6,200,,JpetReg_Dynamic 1-2,bin,true,,591,524,3,3,https://petstore.octoperf.com/images/sm_dogs.gif,217,0,0
1681813394112,220,/actions/Catalog.action-57-7,200,,JpetReg_Dynamic 1-2,bin,true,,683,528,3,3,https://petstore.octoperf.com/images/sm_reptiles.gif,220,0,0
1681813394334,220,/actions/Catalog.action-57-8,200,,JpetReg_Dynamic 1-2,bin,true,,574,524,3,3,https://petstore.octoperf.com/images/sm_cats.gif,219,0,0
1681813394554,216,/actions/Catalog.action-57-9,200,,JpetReg_Dynamic 1-2,bin,true,,536,525,3,3,https://petstore.octoperf.com/images/sm_birds.gif,216,0,0
1681813394770,220,/actions/Catalog.action-57-10,200,,JpetReg_Dynamic 1-2,bin,true,,724,526,3,3,https://petstore.octoperf.com/images/fish_icon.gif,220,0,0
1681813394991,217,/actions/Catalog.action-57-11,200,,JpetReg_Dynamic 1-2,bin,true,,753,526,3,3,https://petstore.octoperf.com/images/dogs_icon.gif,217,0,0
1681813395208,216,/actions/Catalog.action-57-12,200,,JpetReg_Dynamic 1-2,bin,true,,693,526,3,3,https://petstore.octoperf.com/images/cats_icon.gif,216,0,0
1681813395425,219,/actions/Catalog.action-57-13,200,,JpetReg_Dynamic 1-2,bin,true,,954,530,3,3,https://petstore.octoperf.com/images/reptiles_icon.gif,219,0,0
1681813395645,228,/actions/Catalog.action-57-14,200,,JpetReg_Dynamic 1-2,bin,true,,756,527,3,3,https://petstore.octoperf.com/images/birds_icon.gif,228,0,0
1681813395874,296,/actions/Catalog.action-57-15,200,,JpetReg_Dynamic 1-2,bin,true,,36386,523,3,3,https://petstore.octoperf.com/images/splash.gif,231,0,0
1681813392408,3761,01_Launch,200,"Number of samples in transaction : 1, number of failing samples : 0",JpetReg_Dynamic 1-2,,true,,59394,8356,3,3,null,387,2,0
1681813396166,467,/actions/Account.action-85,200,,JpetReg_Dynamic 1-1,text,true,,5811,670,3,3,https://petstore.octoperf.com/actions/Account.action?newAccountForm=,467,0,0
1681813396166,467,/actions/Account.action-85-0,200,,JpetReg_Dynamic 1-1,text,true,,5811,670,3,3,https://petstore.octoperf.com/actions/Account.action?newAccountForm=,467,0,0
1681813396166,467,03_ClickOnRegisterNow,200,"Number of samples in transaction : 1, number of failing samples : 0",JpetReg_Dynamic 1-1,,true,,5811,670,3,3,null,467,4,0
1681813396021,612,/actions/Account.action-111,200,,JpetReg_Dynamic 1-3,text,true,,4946,2221,3,3,https://petstore.octoperf.com/actions/Catalog.action,239,0,0
1681813396021,239,/actions/Account.action-111-0,302,,JpetReg_Dynamic 1-3,,true,,218,1519,3,3,https://petstore.octoperf.com/actions/Account.action,239,0,0
1681813396261,372,/actions/Account.action-111-1,200,,JpetReg_Dynamic 1-3,text,true,,4728,702,3,3,https://petstore.octoperf.com/actions/Catalog.action,372,0,0
1681813396172,467,/actions/Account.action;jsessionid=DB214B0BB74BFD72B29CB3683A750FA1-81,200,,JpetReg_Dynamic 1-2,text,true,,3851,654,3,3,https://petstore.octoperf.com/actions/Account.action;jsessionid=94C7E74909ED4AC8B68F3EF7259DF9EC?signonForm=,467,0,0
1681813396172,467,/actions/Account.action;jsessionid=DB214B0BB74BFD72B29CB3683A750FA1-81-0,200,,JpetReg_Dynamic 1-2,text,true,,3851,654,3,3,https://petstore.octoperf.com/actions/Account.action;jsessionid=94C7E74909ED4AC8B68F3EF7259DF9EC?signonForm=,467,0,0
1681813396171,467,02_ClickOnSignIn,200,"Number of samples in transaction : 1, number of failing samples : 0",JpetReg_Dynamic 1-2,,true,,3851,654,3,3,null,467,3,0
1681813396642,238,/actions/Account.action-85,200,,JpetReg_Dynamic 1-2,text,true,,5813,670,3,3,https://petstore.octoperf.com/actions/Account.action?newAccountForm=,238,0,0
1681813396642,238,/actions/Account.action-85-0,200,,JpetReg_Dynamic 1-2,text,true,,5813,670,3,3,https://petstore.octoperf.com/actions/Account.action?newAccountForm=,238,0,0
1681813396641,238,03_ClickOnRegisterNow,200,"Number of samples in transaction : 1, number of failing samples : 0",JpetReg_Dynamic 1-2,,true,,5813,670,3,3,null,238,2,0
1681813396638,250,/actions/Catalog.action-112,200,,JpetReg_Dynamic 1-3,text,true,,4728,614,3,3,https://petstore.octoperf.com/actions/Catalog.action,250,0,0
1681813396638,250,/actions/Catalog.action-112-0,200,,JpetReg_Dynamic 1-3,text,true,,4728,614,3,3,https://petstore.octoperf.com/actions/Catalog.action,250,0,0
1681813396021,862,04_SaveAccountInformation,200,"Number of samples in transaction : 2, number of failing samples : 0",JpetReg_Dynamic 1-3,,true,,9674,2835,3,3,null,489,6,0
1681813396638,471,/actions/Account.action-111,200,,JpetReg_Dynamic 1-1,text,true,,4946,2221,3,3,https://petstore.octoperf.com/actions/Catalog.action,223,0,0
1681813396638,223,/actions/Account.action-111-0,302,,JpetReg_Dynamic 1-1,,true,,218,1519,3,3,https://petstore.octoperf.com/actions/Account.action,223,0,0
1681813396861,248,/actions/Account.action-111-1,200,,JpetReg_Dynamic 1-1,text,true,,4728,702,3,3,https://petstore.octoperf.com/actions/Catalog.action,247,0,0
1681813397112,234,/actions/Catalog.action-112,200,,JpetReg_Dynamic 1-1,text,true,,4728,614,3,3,https://petstore.octoperf.com/actions/Catalog.action,233,0,0
1681813397112,234,/actions/Catalog.action-112-0,200,,JpetReg_Dynamic 1-1,text,true,,4728,614,3,3,https://petstore.octoperf.com/actions/Catalog.action,233,0,0
1681813396637,705,04_SaveAccountInformation,200,"Number of samples in transaction : 2, number of failing samples : 0",JpetReg_Dynamic 1-1,,true,,9674,2835,3,3,null,456,6,0
1681813396881,671,/actions/Account.action-111,200,,JpetReg_Dynamic 1-2,text,true,,4946,2221,3,3,https://petstore.octoperf.com/actions/Catalog.action,380,0,0
1681813396881,380,/actions/Account.action-111-0,302,,JpetReg_Dynamic 1-2,,true,,218,1519,3,3,https://petstore.octoperf.com/actions/Account.action,380,0,0
1681813397261,291,/actions/Account.action-111-1,200,,JpetReg_Dynamic 1-2,text,true,,4728,702,3,3,https://petstore.octoperf.com/actions/Catalog.action,291,0,0
1681813397556,277,/actions/Catalog.action-112,200,,JpetReg_Dynamic 1-2,text,true,,4728,614,3,3,https://petstore.octoperf.com/actions/Catalog.action,276,0,0
1681813397556,277,/actions/Catalog.action-112-0,200,,JpetReg_Dynamic 1-2,text,true,,4728,614,3,3,https://petstore.octoperf.com/actions/Catalog.action,276,0,0
1681813396881,948,04_SaveAccountInformation,200,"Number of samples in transaction : 2, number of failing samples : 0",JpetReg_Dynamic 1-2,,true,,9674,2835,3,3,null,656,4,0
1681813396891,3644,/actions/Catalog.action-57,200,,JpetReg_Dynamic 1-3,text,true,,59394,8356,3,3,https://petstore.octoperf.com/actions/Catalog.action,247,0,0
1681813396891,247,/actions/Catalog.action-57-0,200,,JpetReg_Dynamic 1-3,text,true,,5419,475,3,3,https://petstore.octoperf.com/actions/Catalog.action,247,0,0
1681813397139,215,/actions/Catalog.action-57-1,200,,JpetReg_Dynamic 1-3,text,true,,5966,523,3,3,https://petstore.octoperf.com/css/jpetstore.css,215,0,0
1681813397355,215,/actions/Catalog.action-57-2,200,,JpetReg_Dynamic 1-3,bin,true,,4095,528,3,3,https://petstore.octoperf.com/images/logo-topbar.gif,215,0,0
1681813397571,212,/actions/Catalog.action-57-3,200,,JpetReg_Dynamic 1-3,bin,true,,379,521,3,3,https://petstore.octoperf.com/images/cart.gif,212,0,0
1681813397783,211,/actions/Catalog.action-57-4,200,,JpetReg_Dynamic 1-3,bin,true,,329,526,3,3,https://petstore.octoperf.com/images/separator.gif,211,0,0
1681813397995,215,/actions/Catalog.action-57-5,200,,JpetReg_Dynamic 1-3,bin,true,,556,524,3,3,https://petstore.octoperf.com/images/sm_fish.gif,214,0,0
1681813398210,223,/actions/Catalog.action-57-6,200,,JpetReg_Dynamic 1-3,bin,true,,591,524,3,3,https://petstore.octoperf.com/images/sm_dogs.gif,223,0,0
1681813398435,209,/actions/Catalog.action-57-7,200,,JpetReg_Dynamic 1-3,bin,true,,683,528,3,3,https://petstore.octoperf.com/images/sm_reptiles.gif,209,0,0
1681813398645,223,/actions/Catalog.action-57-8,200,,JpetReg_Dynamic 1-3,bin,true,,574,524,3,3,https://petstore.octoperf.com/images/sm_cats.gif,223,0,0
1681813398869,226,/actions/Catalog.action-57-9,200,,JpetReg_Dynamic 1-3,bin,true,,536,525,3,3,https://petstore.octoperf.com/images/sm_birds.gif,226,0,0
1681813399096,214,/actions/Catalog.action-57-10,200,,JpetReg_Dynamic 1-3,bin,true,,724,526,3,3,https://petstore.octoperf.com/images/fish_icon.gif,214,0,0
1681813399311,220,/actions/Catalog.action-57-11,200,,JpetReg_Dynamic 1-3,bin,true,,753,526,3,3,https://petstore.octoperf.com/images/dogs_icon.gif,220,0,0
1681813399532,214,/actions/Catalog.action-57-12,200,,JpetReg_Dynamic 1-3,bin,true,,693,526,3,3,https://petstore.octoperf.com/images/cats_icon.gif,214,0,0
1681813399746,213,/actions/Catalog.action-57-13,200,,JpetReg_Dynamic 1-3,bin,true,,954,530,3,3,https://petstore.octoperf.com/images/reptiles_icon.gif,213,0,0
1681813399959,211,/actions/Catalog.action-57-14,200,,JpetReg_Dynamic 1-3,bin,true,,756,527,3,3,https://petstore.octoperf.com/images/birds_icon.gif,211,0,0
1681813400171,365,/actions/Catalog.action-57-15,200,,JpetReg_Dynamic 1-3,bin,true,,36386,523,3,3,https://petstore.octoperf.com/images/splash.gif,213,0,0
1681813396891,3644,01_Launch,200,"Number of samples in transaction : 1, number of failing samples : 0",JpetReg_Dynamic 1-3,,true,,59394,8356,3,3,null,247,1,0
1681813400538,334,/actions/Account.action;jsessionid=DB214B0BB74BFD72B29CB3683A750FA1-81,200,,JpetReg_Dynamic 1-3,text,true,,3849,654,3,3,https://petstore.octoperf.com/actions/Account.action;jsessionid=B305A631193026F5CAD4EFBE11640EB6?signonForm=,334,0,0
1681813400538,334,/actions/Account.action;jsessionid=DB214B0BB74BFD72B29CB3683A750FA1-81-0,200,,JpetReg_Dynamic 1-3,text,true,,3849,654,3,3,https://petstore.octoperf.com/actions/Account.action;jsessionid=B305A631193026F5CAD4EFBE11640EB6?signonForm=,334,0,0
1681813400538,334,02_ClickOnSignIn,200,"Number of samples in transaction : 1, number of failing samples : 0",JpetReg_Dynamic 1-3,,true,,3849,654,3,3,null,334,1,0
1681813397352,3587,/actions/Catalog.action-57,200,,JpetReg_Dynamic 1-1,text,true,,59394,8356,3,3,https://petstore.octoperf.com/actions/Catalog.action,235,0,0
1681813397352,235,/actions/Catalog.action-57-0,200,,JpetReg_Dynamic 1-1,text,true,,5419,475,3,3,https://petstore.octoperf.com/actions/Catalog.action,235,0,0
1681813397587,215,/actions/Catalog.action-57-1,200,,JpetReg_Dynamic 1-1,text,true,,5966,523,3,3,https://petstore.octoperf.com/css/jpetstore.css,215,0,0
1681813397803,218,/actions/Catalog.action-57-2,200,,JpetReg_Dynamic 1-1,bin,true,,4095,528,3,3,https://petstore.octoperf.com/images/logo-topbar.gif,218,0,0
1681813398022,225,/actions/Catalog.action-57-3,200,,JpetReg_Dynamic 1-1,bin,true,,379,521,3,3,https://petstore.octoperf.com/images/cart.gif,225,0,0
1681813398248,216,/actions/Catalog.action-57-4,200,,JpetReg_Dynamic 1-1,bin,true,,329,526,3,3,https://petstore.octoperf.com/images/separator.gif,216,0,0
1681813398465,225,/actions/Catalog.action-57-5,200,,JpetReg_Dynamic 1-1,bin,true,,556,524,3,3,https://petstore.octoperf.com/images/sm_fish.gif,225,0,0
1681813398690,226,/actions/Catalog.action-57-6,200,,JpetReg_Dynamic 1-1,bin,true,,591,524,3,3,https://petstore.octoperf.com/images/sm_dogs.gif,226,0,0
1681813398917,228,/actions/Catalog.action-57-7,200,,JpetReg_Dynamic 1-1,bin,true,,683,528,3,3,https://petstore.octoperf.com/images/sm_reptiles.gif,228,0,0
1681813399145,234,/actions/Catalog.action-57-8,200,,JpetReg_Dynamic 1-1,bin,true,,574,524,3,3,https://petstore.octoperf.com/images/sm_cats.gif,234,0,0
1681813399379,227,/actions/Catalog.action-57-9,200,,JpetReg_Dynamic 1-1,bin,true,,536,525,3,3,https://petstore.octoperf.com/images/sm_birds.gif,227,0,0
1681813399607,214,/actions/Catalog.action-57-10,200,,JpetReg_Dynamic 1-1,bin,true,,724,526,3,3,https://petstore.octoperf.com/images/fish_icon.gif,214,0,0
1681813399822,226,/actions/Catalog.action-57-11,200,,JpetReg_Dynamic 1-1,bin,true,,753,526,3,3,https://petstore.octoperf.com/images/dogs_icon.gif,226,0,0
1681813400048,216,/actions/Catalog.action-57-12,200,,JpetReg_Dynamic 1-1,bin,true,,693,526,3,3,https://petstore.octoperf.com/images/cats_icon.gif,216,0,0
1681813400265,227,/actions/Catalog.action-57-13,200,,JpetReg_Dynamic 1-1,bin,true,,954,530,3,3,https://petstore.octoperf.com/images/reptiles_icon.gif,227,0,0
1681813400492,217,/actions/Catalog.action-57-14,200,,JpetReg_Dynamic 1-1,bin,true,,756,527,3,3,https://petstore.octoperf.com/images/birds_icon.gif,217,0,0
1681813400709,230,/actions/Catalog.action-57-15,200,,JpetReg_Dynamic 1-1,bin,true,,36386,523,3,3,https://petstore.octoperf.com/images/splash.gif,229,0,0
1681813397352,3587,01_Launch,200,"Number of samples in transaction : 1, number of failing samples : 0",JpetReg_Dynamic 1-1,,true,,59394,8356,3,3,null,235,1,0
1681813400874,284,/actions/Account.action-85,200,,JpetReg_Dynamic 1-3,text,true,,5811,670,3,3,https://petstore.octoperf.com/actions/Account.action?newAccountForm=,284,0,0
1681813400874,284,/actions/Account.action-85-0,200,,JpetReg_Dynamic 1-3,text,true,,5811,670,3,3,https://petstore.octoperf.com/actions/Account.action?newAccountForm=,284,0,0
1681813400873,284,03_ClickOnRegisterNow,200,"Number of samples in transaction : 1, number of failing samples : 0",JpetReg_Dynamic 1-3,,true,,5811,670,3,3,null,284,3,0
1681813400940,228,/actions/Account.action;jsessionid=DB214B0BB74BFD72B29CB3683A750FA1-81,200,,JpetReg_Dynamic 1-1,text,true,,3851,654,3,3,https://petstore.octoperf.com/actions/Account.action;jsessionid=675C978E5237E891824A49F8D043BEF3?signonForm=,228,0,0
1681813400940,228,/actions/Account.action;jsessionid=DB214B0BB74BFD72B29CB3683A750FA1-81-0,200,,JpetReg_Dynamic 1-1,text,true,,3851,654,3,3,https://petstore.octoperf.com/actions/Account.action;jsessionid=675C978E5237E891824A49F8D043BEF3?signonForm=,228,0,0
1681813400940,228,02_ClickOnSignIn,200,"Number of samples in transaction : 1, number of failing samples : 0",JpetReg_Dynamic 1-1,,true,,3851,654,3,3,null,228,1,0
1681813401170,240,/actions/Account.action-85,200,,JpetReg_Dynamic 1-1,text,true,,5809,670,3,3,https://petstore.octoperf.com/actions/Account.action?newAccountForm=,240,0,0
1681813401170,240,/actions/Account.action-85-0,200,,JpetReg_Dynamic 1-1,text,true,,5809,670,3,3,https://petstore.octoperf.com/actions/Account.action?newAccountForm=,240,0,0
1681813401170,240,03_ClickOnRegisterNow,200,"Number of samples in transaction : 1, number of failing samples : 0",JpetReg_Dynamic 1-1,,true,,5809,670,3,3,null,240,3,0
1681813397836,3609,/actions/Catalog.action-57,200,,JpetReg_Dynamic 1-2,text,true,,59394,8356,3,3,https://petstore.octoperf.com/actions/Catalog.action,237,0,0
1681813397836,237,/actions/Catalog.action-57-0,200,,JpetReg_Dynamic 1-2,text,true,,5419,475,3,3,https://petstore.octoperf.com/actions/Catalog.action,237,0,0
1681813398073,221,/actions/Catalog.action-57-1,200,,JpetReg_Dynamic 1-2,text,true,,5966,523,3,3,https://petstore.octoperf.com/css/jpetstore.css,221,0,0
1681813398296,220,/actions/Catalog.action-57-2,200,,JpetReg_Dynamic 1-2,bin,true,,4095,528,3,3,https://petstore.octoperf.com/images/logo-topbar.gif,220,0,0
1681813398517,241,/actions/Catalog.action-57-3,200,,JpetReg_Dynamic 1-2,bin,true,,379,521,3,3,https://petstore.octoperf.com/images/cart.gif,241,0,0
1681813398759,220,/actions/Catalog.action-57-4,200,,JpetReg_Dynamic 1-2,bin,true,,329,526,3,3,https://petstore.octoperf.com/images/separator.gif,220,0,0
1681813398979,222,/actions/Catalog.action-57-5,200,,JpetReg_Dynamic 1-2,bin,true,,556,524,3,3,https://petstore.octoperf.com/images/sm_fish.gif,222,0,0
1681813399202,228,/actions/Catalog.action-57-6,200,,JpetReg_Dynamic 1-2,bin,true,,591,524,3,3,https://petstore.octoperf.com/images/sm_dogs.gif,228,0,0
1681813399431,220,/actions/Catalog.action-57-7,200,,JpetReg_Dynamic 1-2,bin,true,,683,528,3,3,https://petstore.octoperf.com/images/sm_reptiles.gif,220,0,0
1681813399651,230,/actions/Catalog.action-57-8,200,,JpetReg_Dynamic 1-2,bin,true,,574,524,3,3,https://petstore.octoperf.com/images/sm_cats.gif,230,0,0
1681813399882,215,/actions/Catalog.action-57-9,200,,JpetReg_Dynamic 1-2,bin,true,,536,525,3,3,https://petstore.octoperf.com/images/sm_birds.gif,215,0,0
1681813400098,228,/actions/Catalog.action-57-10,200,,JpetReg_Dynamic 1-2,bin,true,,724,526,3,3,https://petstore.octoperf.com/images/fish_icon.gif,228,0,0
1681813400326,220,/actions/Catalog.action-57-11,200,,JpetReg_Dynamic 1-2,bin,true,,753,526,3,3,https://petstore.octoperf.com/images/dogs_icon.gif,219,0,0
1681813400546,229,/actions/Catalog.action-57-12,200,,JpetReg_Dynamic 1-2,bin,true,,693,526,3,3,https://petstore.octoperf.com/images/cats_icon.gif,229,0,0
1681813400776,219,/actions/Catalog.action-57-13,200,,JpetReg_Dynamic 1-2,bin,true,,954,530,3,3,https://petstore.octoperf.com/images/reptiles_icon.gif,219,0,0
1681813400995,227,/actions/Catalog.action-57-14,200,,JpetReg_Dynamic 1-2,bin,true,,756,527,3,3,https://petstore.octoperf.com/images/birds_icon.gif,227,0,0
1681813401223,222,/actions/Catalog.action-57-15,200,,JpetReg_Dynamic 1-2,bin,true,,36386,523,3,3,https://petstore.octoperf.com/images/splash.gif,220,0,0
1681813397836,3609,01_Launch,200,"Number of samples in transaction : 1, number of failing samples : 0",JpetReg_Dynamic 1-2,,true,,59394,8356,3,3,null,237,1,0
1681813401161,501,/actions/Account.action-111,200,,JpetReg_Dynamic 1-3,text,true,,4946,2221,3,3,https://petstore.octoperf.com/actions/Catalog.action,283,0,0
1681813401161,283,/actions/Account.action-111-0,302,,JpetReg_Dynamic 1-3,,true,,218,1519,3,3,https://petstore.octoperf.com/actions/Account.action,283,0,0
1681813401444,218,/actions/Account.action-111-1,200,,JpetReg_Dynamic 1-3,text,true,,4728,702,3,3,https://petstore.octoperf.com/actions/Catalog.action,218,0,0
1681813401447,302,/actions/Account.action;jsessionid=DB214B0BB74BFD72B29CB3683A750FA1-81,200,,JpetReg_Dynamic 1-2,text,true,,3851,654,3,3,https://petstore.octoperf.com/actions/Account.action;jsessionid=8B63CE309A362CB573412A9744331950?signonForm=,302,0,0
1681813401447,302,/actions/Account.action;jsessionid=DB214B0BB74BFD72B29CB3683A750FA1-81-0,200,,JpetReg_Dynamic 1-2,text,true,,3851,654,3,3,https://petstore.octoperf.com/actions/Account.action;jsessionid=8B63CE309A362CB573412A9744331950?signonForm=,302,0,0
1681813401446,302,02_ClickOnSignIn,200,"Number of samples in transaction : 1, number of failing samples : 0",JpetReg_Dynamic 1-2,,true,,3851,654,3,3,null,302,2,0
1681813401663,220,/actions/Catalog.action-112,200,,JpetReg_Dynamic 1-3,text,true,,4728,614,3,3,https://petstore.octoperf.com/actions/Catalog.action,220,0,0
1681813401663,220,/actions/Catalog.action-112-0,200,,JpetReg_Dynamic 1-3,text,true,,4728,614,3,3,https://petstore.octoperf.com/actions/Catalog.action,220,0,0
1681813401160,721,04_SaveAccountInformation,200,"Number of samples in transaction : 2, number of failing samples : 0",JpetReg_Dynamic 1-3,,true,,9674,2835,3,3,null,503,3,0
1681813401413,540,/actions/Account.action-111,200,,JpetReg_Dynamic 1-1,text,true,,4946,2221,3,3,https://petstore.octoperf.com/actions/Catalog.action,307,0,0
1681813401413,307,/actions/Account.action-111-0,302,,JpetReg_Dynamic 1-1,,true,,218,1519,3,3,https://petstore.octoperf.com/actions/Account.action,307,0,0
1681813401720,233,/actions/Account.action-111-1,200,,JpetReg_Dynamic 1-1,text,true,,4728,702,3,3,https://petstore.octoperf.com/actions/Catalog.action,233,0,0
1681813401750,229,/actions/Account.action-85,200,,JpetReg_Dynamic 1-2,text,true,,5809,670,3,3,https://petstore.octoperf.com/actions/Account.action?newAccountForm=,229,0,0
1681813401750,229,/actions/Account.action-85-0,200,,JpetReg_Dynamic 1-2,text,true,,5809,670,3,3,https://petstore.octoperf.com/actions/Account.action?newAccountForm=,229,0,0
1681813401750,229,03_ClickOnRegisterNow,200,"Number of samples in transaction : 1, number of failing samples : 0",JpetReg_Dynamic 1-2,,true,,5809,670,3,3,null,229,1,0
1681813401956,291,/actions/Catalog.action-112,200,,JpetReg_Dynamic 1-1,text,true,,4728,614,3,3,https://petstore.octoperf.com/actions/Catalog.action,291,0,0
1681813401956,291,/actions/Catalog.action-112-0,200,,JpetReg_Dynamic 1-1,text,true,,4728,614,3,3,https://petstore.octoperf.com/actions/Catalog.action,291,0,0
1681813401413,831,04_SaveAccountInformation,200,"Number of samples in transaction : 2, number of failing samples : 0",JpetReg_Dynamic 1-1,,true,,9674,2835,3,3,null,598,4,0
1681813401980,470,/actions/Account.action-111,200,,JpetReg_Dynamic 1-2,text,true,,4946,2221,3,3,https://petstore.octoperf.com/actions/Catalog.action,232,0,0
1681813401980,232,/actions/Account.action-111-0,302,,JpetReg_Dynamic 1-2,,true,,218,1519,3,3,https://petstore.octoperf.com/actions/Account.action,232,0,0
1681813402212,238,/actions/Account.action-111-1,200,,JpetReg_Dynamic 1-2,text,true,,4728,702,3,3,https://petstore.octoperf.com/actions/Catalog.action,238,0,0
1681813402452,224,/actions/Catalog.action-112,200,,JpetReg_Dynamic 1-2,text,true,,4728,614,3,3,https://petstore.octoperf.com/actions/Catalog.action,224,0,0
1681813402452,224,/actions/Catalog.action-112-0,200,,JpetReg_Dynamic 1-2,text,true,,4728,614,3,3,https://petstore.octoperf.com/actions/Catalog.action,224,0,0
1681813401980,694,04_SaveAccountInformation,200,"Number of samples in transaction : 2, number of failing samples : 0",JpetReg_Dynamic 1-2,,true,,9674,2835,3,3,null,456,4,0
1681813401885,3731,/actions/Catalog.action-57,200,,JpetReg_Dynamic 1-3,text,true,,59394,8356,3,3,https://petstore.octoperf.com/actions/Catalog.action,227,0,0
1681813401885,227,/actions/Catalog.action-57-0,200,,JpetReg_Dynamic 1-3,text,true,,5419,475,3,3,https://petstore.octoperf.com/actions/Catalog.action,227,0,0
1681813402113,214,/actions/Catalog.action-57-1,200,,JpetReg_Dynamic 1-3,text,true,,5966,523,3,3,https://petstore.octoperf.com/css/jpetstore.css,214,0,0
1681813402328,219,/actions/Catalog.action-57-2,200,,JpetReg_Dynamic 1-3,bin,true,,4095,528,3,3,https://petstore.octoperf.com/images/logo-topbar.gif,219,0,0
1681813402548,237,/actions/Catalog.action-57-3,200,,JpetReg_Dynamic 1-3,bin,true,,379,521,3,3,https://petstore.octoperf.com/images/cart.gif,237,0,0
1681813402785,224,/actions/Catalog.action-57-4,200,,JpetReg_Dynamic 1-3,bin,true,,329,526,3,3,https://petstore.octoperf.com/images/separator.gif,224,0,0
1681813403010,223,/actions/Catalog.action-57-5,200,,JpetReg_Dynamic 1-3,bin,true,,556,524,3,3,https://petstore.octoperf.com/images/sm_fish.gif,223,0,0
1681813403233,224,/actions/Catalog.action-57-6,200,,JpetReg_Dynamic 1-3,bin,true,,591,524,3,3,https://petstore.octoperf.com/images/sm_dogs.gif,224,0,0
1681813403457,225,/actions/Catalog.action-57-7,200,,JpetReg_Dynamic 1-3,bin,true,,683,528,3,3,https://petstore.octoperf.com/images/sm_reptiles.gif,225,0,0
1681813403683,221,/actions/Catalog.action-57-8,200,,JpetReg_Dynamic 1-3,bin,true,,574,524,3,3,https://petstore.octoperf.com/images/sm_cats.gif,221,0,0
1681813403905,224,/actions/Catalog.action-57-9,200,,JpetReg_Dynamic 1-3,bin,true,,536,525,3,3,https://petstore.octoperf.com/images/sm_birds.gif,224,0,0
1681813404130,224,/actions/Catalog.action-57-10,200,,JpetReg_Dynamic 1-3,bin,true,,724,526,3,3,https://petstore.octoperf.com/images/fish_icon.gif,224,0,0
1681813404354,223,/actions/Catalog.action-57-11,200,,JpetReg_Dynamic 1-3,bin,true,,753,526,3,3,https://petstore.octoperf.com/images/dogs_icon.gif,223,0,0
1681813404577,225,/actions/Catalog.action-57-12,200,,JpetReg_Dynamic 1-3,bin,true,,693,526,3,3,https://petstore.octoperf.com/images/cats_icon.gif,225,0,0
1681813404802,224,/actions/Catalog.action-57-13,200,,JpetReg_Dynamic 1-3,bin,true,,954,530,3,3,https://petstore.octoperf.com/images/reptiles_icon.gif,224,0,0
1681813405027,225,/actions/Catalog.action-57-14,200,,JpetReg_Dynamic 1-3,bin,true,,756,527,3,3,https://petstore.octoperf.com/images/birds_icon.gif,225,0,0
1681813405252,364,/actions/Catalog.action-57-15,200,,JpetReg_Dynamic 1-3,bin,true,,36386,523,3,3,https://petstore.octoperf.com/images/splash.gif,217,0,0
1681813401885,3731,01_Launch,200,"Number of samples in transaction : 1, number of failing samples : 0",JpetReg_Dynamic 1-3,,true,,59394,8356,3,3,null,227,1,0
1681813402250,3496,/actions/Catalog.action-57,200,,JpetReg_Dynamic 1-1,text,true,,59413,8356,3,3,https://petstore.octoperf.com/actions/Catalog.action,226,0,0
1681813402250,226,/actions/Catalog.action-57-0,200,,JpetReg_Dynamic 1-1,text,true,,5419,475,3,3,https://petstore.octoperf.com/actions/Catalog.action,226,0,0
1681813402477,220,/actions/Catalog.action-57-1,200,,JpetReg_Dynamic 1-1,text,true,,5966,523,3,3,https://petstore.octoperf.com/css/jpetstore.css,219,0,0
1681813402698,217,/actions/Catalog.action-57-2,200,,JpetReg_Dynamic 1-1,bin,true,,4095,528,3,3,https://petstore.octoperf.com/images/logo-topbar.gif,217,0,0
1681813402916,219,/actions/Catalog.action-57-3,200,,JpetReg_Dynamic 1-1,bin,true,,379,521,3,3,https://petstore.octoperf.com/images/cart.gif,219,0,0
1681813403135,214,/actions/Catalog.action-57-4,200,,JpetReg_Dynamic 1-1,bin,true,,329,526,3,3,https://petstore.octoperf.com/images/separator.gif,214,0,0
1681813403350,217,/actions/Catalog.action-57-5,200,,JpetReg_Dynamic 1-1,bin,true,,556,524,3,3,https://petstore.octoperf.com/images/sm_fish.gif,217,0,0
1681813403568,214,/actions/Catalog.action-57-6,200,,JpetReg_Dynamic 1-1,bin,true,,591,524,3,3,https://petstore.octoperf.com/images/sm_dogs.gif,214,0,0
1681813403782,217,/actions/Catalog.action-57-7,200,,JpetReg_Dynamic 1-1,bin,true,,683,528,3,3,https://petstore.octoperf.com/images/sm_reptiles.gif,217,0,0
1681813403999,214,/actions/Catalog.action-57-8,200,,JpetReg_Dynamic 1-1,bin,true,,574,524,3,3,https://petstore.octoperf.com/images/sm_cats.gif,214,0,0
1681813404214,218,/actions/Catalog.action-57-9,200,,JpetReg_Dynamic 1-1,bin,true,,536,525,3,3,https://petstore.octoperf.com/images/sm_birds.gif,218,0,0
1681813404432,218,/actions/Catalog.action-57-10,200,,JpetReg_Dynamic 1-1,bin,true,,724,526,3,3,https://petstore.octoperf.com/images/fish_icon.gif,218,0,0
1681813404651,216,/actions/Catalog.action-57-11,200,,JpetReg_Dynamic 1-1,bin,true,,753,526,3,3,https://petstore.octoperf.com/images/dogs_icon.gif,216,0,0
1681813404867,217,/actions/Catalog.action-57-12,200,,JpetReg_Dynamic 1-1,bin,true,,693,526,3,3,https://petstore.octoperf.com/images/cats_icon.gif,217,0,0
1681813405085,216,/actions/Catalog.action-57-13,200,,JpetReg_Dynamic 1-1,bin,true,,954,530,3,3,https://petstore.octoperf.com/images/reptiles_icon.gif,216,0,0
1681813405301,217,/actions/Catalog.action-57-14,200,,JpetReg_Dynamic 1-1,bin,true,,775,527,3,3,https://petstore.octoperf.com/images/birds_icon.gif,217,0,0
1681813405519,227,/actions/Catalog.action-57-15,200,,JpetReg_Dynamic 1-1,bin,true,,36386,523,3,3,https://petstore.octoperf.com/images/splash.gif,226,0,0
1681813402250,3496,01_Launch,200,"Number of samples in transaction : 1, number of failing samples : 0",JpetReg_Dynamic 1-1,,true,,59413,8356,3,3,null,226,2,0
1681813405748,250,/actions/Account.action;jsessionid=DB214B0BB74BFD72B29CB3683A750FA1-81,200,,JpetReg_Dynamic 1-1,text,true,,3851,654,3,3,https://petstore.octoperf.com/actions/Account.action;jsessionid=964C00AE31597AEB045138199EC50A32?signonForm=,250,0,0
1681813405748,250,/actions/Account.action;jsessionid=DB214B0BB74BFD72B29CB3683A750FA1-81-0,200,,JpetReg_Dynamic 1-1,text,true,,3851,654,3,3,https://petstore.octoperf.com/actions/Account.action;jsessionid=964C00AE31597AEB045138199EC50A32?signonForm=,250,0,0
1681813405748,250,02_ClickOnSignIn,200,"Number of samples in transaction : 1, number of failing samples : 0",JpetReg_Dynamic 1-1,,true,,3851,654,3,3,null,250,1,0
1681813406000,269,/actions/Account.action-85,200,,JpetReg_Dynamic 1-1,text,true,,5832,670,3,3,https://petstore.octoperf.com/actions/Account.action?newAccountForm=,269,0,0
1681813406000,269,/actions/Account.action-85-0,200,,JpetReg_Dynamic 1-1,text,true,,5832,670,3,3,https://petstore.octoperf.com/actions/Account.action?newAccountForm=,269,0,0
1681813405999,269,03_ClickOnRegisterNow,200,"Number of samples in transaction : 1, number of failing samples : 0",JpetReg_Dynamic 1-1,,true,,5832,670,3,3,null,269,2,0
1681813405617,706,/actions/Account.action;jsessionid=DB214B0BB74BFD72B29CB3683A750FA1-81,200,,JpetReg_Dynamic 1-3,text,true,,3847,654,3,3,https://petstore.octoperf.com/actions/Account.action;jsessionid=DDB77991EE1CD9985E9B086F056FA906?signonForm=,706,0,0
1681813405617,706,/actions/Account.action;jsessionid=DB214B0BB74BFD72B29CB3683A750FA1-81-0,200,,JpetReg_Dynamic 1-3,text,true,,3847,654,3,3,https://petstore.octoperf.com/actions/Account.action;jsessionid=DDB77991EE1CD9985E9B086F056FA906?signonForm=,706,0,0
1681813405617,706,02_ClickOnSignIn,200,"Number of samples in transaction : 1, number of failing samples : 0",JpetReg_Dynamic 1-3,,true,,3847,654,3,3,null,706,1,0
1681813406271,432,/actions/Account.action-111,200,,JpetReg_Dynamic 1-1,text,true,,4946,2221,3,3,https://petstore.octoperf.com/actions/Catalog.action,213,0,0
1681813406271,213,/actions/Account.action-111-0,302,,JpetReg_Dynamic 1-1,,true,,218,1519,3,3,https://petstore.octoperf.com/actions/Account.action,213,0,0
1681813406484,219,/actions/Account.action-111-1,200,,JpetReg_Dynamic 1-1,text,true,,4728,702,3,3,https://petstore.octoperf.com/actions/Catalog.action,218,0,0
1681813402681,4107,/actions/Catalog.action-57,200,,JpetReg_Dynamic 1-2,text,true,,59413,8356,3,3,https://petstore.octoperf.com/actions/Catalog.action,229,0,0
1681813402681,229,/actions/Catalog.action-57-0,200,,JpetReg_Dynamic 1-2,text,true,,5419,475,3,3,https://petstore.octoperf.com/actions/Catalog.action,229,0,0
1681813402910,218,/actions/Catalog.action-57-1,200,,JpetReg_Dynamic 1-2,text,true,,5966,523,3,3,https://petstore.octoperf.com/css/jpetstore.css,218,0,0
1681813403129,222,/actions/Catalog.action-57-2,200,,JpetReg_Dynamic 1-2,bin,true,,4095,528,3,3,https://petstore.octoperf.com/images/logo-topbar.gif,222,0,0
1681813403352,216,/actions/Catalog.action-57-3,200,,JpetReg_Dynamic 1-2,bin,true,,379,521,3,3,https://petstore.octoperf.com/images/cart.gif,216,0,0
1681813403569,221,/actions/Catalog.action-57-4,200,,JpetReg_Dynamic 1-2,bin,true,,329,526,3,3,https://petstore.octoperf.com/images/separator.gif,221,0,0
1681813403790,217,/actions/Catalog.action-57-5,200,,JpetReg_Dynamic 1-2,bin,true,,556,524,3,3,https://petstore.octoperf.com/images/sm_fish.gif,217,0,0
1681813404007,219,/actions/Catalog.action-57-6,200,,JpetReg_Dynamic 1-2,bin,true,,591,524,3,3,https://petstore.octoperf.com/images/sm_dogs.gif,219,0,0
1681813404226,222,/actions/Catalog.action-57-7,200,,JpetReg_Dynamic 1-2,bin,true,,683,528,3,3,https://petstore.octoperf.com/images/sm_reptiles.gif,222,0,0
1681813404448,218,/actions/Catalog.action-57-8,200,,JpetReg_Dynamic 1-2,bin,true,,574,524,3,3,https://petstore.octoperf.com/images/sm_cats.gif,218,0,0
1681813404666,220,/actions/Catalog.action-57-9,200,,JpetReg_Dynamic 1-2,bin,true,,536,525,3,3,https://petstore.octoperf.com/images/sm_birds.gif,220,0,0
1681813404886,218,/actions/Catalog.action-57-10,200,,JpetReg_Dynamic 1-2,bin,true,,724,526,3,3,https://petstore.octoperf.com/images/fish_icon.gif,218,0,0
1681813405104,222,/actions/Catalog.action-57-11,200,,JpetReg_Dynamic 1-2,bin,true,,753,526,3,3,https://petstore.octoperf.com/images/dogs_icon.gif,221,0,0
1681813405326,233,/actions/Catalog.action-57-12,200,,JpetReg_Dynamic 1-2,bin,true,,693,526,3,3,https://petstore.octoperf.com/images/cats_icon.gif,233,0,0
1681813405560,218,/actions/Catalog.action-57-13,200,,JpetReg_Dynamic 1-2,bin,true,,973,530,3,3,https://petstore.octoperf.com/images/reptiles_icon.gif,218,0,0
1681813405778,511,/actions/Catalog.action-57-14,200,,JpetReg_Dynamic 1-2,bin,true,,756,527,3,3,https://petstore.octoperf.com/images/birds_icon.gif,511,0,0
1681813406289,499,/actions/Catalog.action-57-15,200,,JpetReg_Dynamic 1-2,bin,true,,36386,523,3,3,https://petstore.octoperf.com/images/splash.gif,313,0,0
1681813402681,4107,01_Launch,200,"Number of samples in transaction : 1, number of failing samples : 0",JpetReg_Dynamic 1-2,,true,,59413,8356,3,3,null,229,2,0
1681813406703,254,/actions/Catalog.action-112,200,,JpetReg_Dynamic 1-1,text,true,,4728,614,3,3,https://petstore.octoperf.com/actions/Catalog.action,254,0,0
1681813406703,254,/actions/Catalog.action-112-0,200,,JpetReg_Dynamic 1-1,text,true,,4728,614,3,3,https://petstore.octoperf.com/actions/Catalog.action,254,0,0
1681813406270,686,04_SaveAccountInformation,200,"Number of samples in transaction : 2, number of failing samples : 0",JpetReg_Dynamic 1-1,,true,,9674,2835,3,3,null,467,3,0
1681813406325,649,/actions/Account.action-85,200,,JpetReg_Dynamic 1-3,text,true,,5813,670,3,3,https://petstore.octoperf.com/actions/Account.action?newAccountForm=,649,0,0
1681813406325,649,/actions/Account.action-85-0,200,,JpetReg_Dynamic 1-3,text,true,,5813,670,3,3,https://petstore.octoperf.com/actions/Account.action?newAccountForm=,649,0,0
1681813406324,649,03_ClickOnRegisterNow,200,"Number of samples in transaction : 1, number of failing samples : 0",JpetReg_Dynamic 1-3,,true,,5813,670,3,3,null,649,3,0
1681813406791,223,/actions/Account.action;jsessionid=DB214B0BB74BFD72B29CB3683A750FA1-81,200,,JpetReg_Dynamic 1-2,text,true,,3849,654,3,3,https://petstore.octoperf.com/actions/Account.action;jsessionid=E50967524B829E6ABCDA164F130BDB1A?signonForm=,223,0,0
1681813406791,223,/actions/Account.action;jsessionid=DB214B0BB74BFD72B29CB3683A750FA1-81-0,200,,JpetReg_Dynamic 1-2,text,true,,3849,654,3,3,https://petstore.octoperf.com/actions/Account.action;jsessionid=E50967524B829E6ABCDA164F130BDB1A?signonForm=,223,0,0
1681813406790,223,02_ClickOnSignIn,200,"Number of samples in transaction : 1, number of failing samples : 0",JpetReg_Dynamic 1-2,,true,,3849,654,3,3,null,223,2,0
1681813407015,417,/actions/Account.action-85,200,,JpetReg_Dynamic 1-2,text,true,,5809,670,3,3,https://petstore.octoperf.com/actions/Account.action?newAccountForm=,417,0,0
1681813407015,417,/actions/Account.action-85-0,200,,JpetReg_Dynamic 1-2,text,true,,5809,670,3,3,https://petstore.octoperf.com/actions/Account.action?newAccountForm=,417,0,0
1681813407015,417,03_ClickOnRegisterNow,200,"Number of samples in transaction : 1, number of failing samples : 0",JpetReg_Dynamic 1-2,,true,,5809,670,3,3,null,417,2,0
1681813406976,539,/actions/Account.action-111,200,,JpetReg_Dynamic 1-3,text,true,,4946,2221,2,2,https://petstore.octoperf.com/actions/Catalog.action,300,0,0
1681813406976,300,/actions/Account.action-111-0,302,,JpetReg_Dynamic 1-3,,true,,218,1519,2,2,https://petstore.octoperf.com/actions/Account.action,300,0,0
1681813407276,239,/actions/Account.action-111-1,200,,JpetReg_Dynamic 1-3,text,true,,4728,702,2,2,https://petstore.octoperf.com/actions/Catalog.action,239,0,0
1681813406963,3514,/actions/Catalog.action-57,200,,JpetReg_Dynamic 1-1,text,true,,59394,8356,1,1,https://petstore.octoperf.com/actions/Catalog.action,222,0,0
1681813406963,222,/actions/Catalog.action-57-0,200,,JpetReg_Dynamic 1-1,text,true,,5419,475,1,1,https://petstore.octoperf.com/actions/Catalog.action,222,0,0
1681813407186,208,/actions/Catalog.action-57-1,200,,JpetReg_Dynamic 1-1,text,true,,5966,523,1,1,https://petstore.octoperf.com/css/jpetstore.css,208,0,0
1681813407395,207,/actions/Catalog.action-57-2,200,,JpetReg_Dynamic 1-1,bin,true,,4095,528,1,1,https://petstore.octoperf.com/images/logo-topbar.gif,207,0,0
1681813407603,210,/actions/Catalog.action-57-3,200,,JpetReg_Dynamic 1-1,bin,true,,379,521,1,1,https://petstore.octoperf.com/images/cart.gif,210,0,0
1681813407813,208,/actions/Catalog.action-57-4,200,,JpetReg_Dynamic 1-1,bin,true,,329,526,1,1,https://petstore.octoperf.com/images/separator.gif,208,0,0
1681813408022,210,/actions/Catalog.action-57-5,200,,JpetReg_Dynamic 1-1,bin,true,,556,524,1,1,https://petstore.octoperf.com/images/sm_fish.gif,210,0,0
1681813408232,210,/actions/Catalog.action-57-6,200,,JpetReg_Dynamic 1-1,bin,true,,591,524,1,1,https://petstore.octoperf.com/images/sm_dogs.gif,210,0,0
1681813408443,211,/actions/Catalog.action-57-7,200,,JpetReg_Dynamic 1-1,bin,true,,683,528,1,1,https://petstore.octoperf.com/images/sm_reptiles.gif,211,0,0
1681813408654,208,/actions/Catalog.action-57-8,200,,JpetReg_Dynamic 1-1,bin,true,,574,524,1,1,https://petstore.octoperf.com/images/sm_cats.gif,208,0,0
1681813408862,207,/actions/Catalog.action-57-9,200,,JpetReg_Dynamic 1-1,bin,true,,536,525,1,1,https://petstore.octoperf.com/images/sm_birds.gif,207,0,0
1681813409070,209,/actions/Catalog.action-57-10,200,,JpetReg_Dynamic 1-1,bin,true,,724,526,1,1,https://petstore.octoperf.com/images/fish_icon.gif,208,0,0
1681813409280,210,/actions/Catalog.action-57-11,200,,JpetReg_Dynamic 1-1,bin,true,,753,526,1,1,https://petstore.octoperf.com/images/dogs_icon.gif,210,0,0
1681813409490,208,/actions/Catalog.action-57-12,200,,JpetReg_Dynamic 1-1,bin,true,,693,526,1,1,https://petstore.octoperf.com/images/cats_icon.gif,208,0,0
1681813409698,209,/actions/Catalog.action-57-13,200,,JpetReg_Dynamic 1-1,bin,true,,954,530,1,1,https://petstore.octoperf.com/images/reptiles_icon.gif,209,0,0
1681813409909,210,/actions/Catalog.action-57-14,200,,JpetReg_Dynamic 1-1,bin,true,,756,527,1,1,https://petstore.octoperf.com/images/birds_icon.gif,209,0,0
1681813410119,358,/actions/Catalog.action-57-15,200,,JpetReg_Dynamic 1-1,bin,true,,36386,523,1,1,https://petstore.octoperf.com/images/splash.gif,214,0,0
1681813406962,3514,01_Launch,200,"Number of samples in transaction : 1, number of failing samples : 0",JpetReg_Dynamic 1-1,,true,,59394,8356,1,1,null,222,4,0
